연관키워드,월간검색수 ,,월평균클릭수 ,,월평균클릭률 ,,경쟁정도,월평균노출 광고수
,월간검색수(PC),월간검색수(모바일),월평균클릭수(PC),월평균클릭수(모바일),월평균클릭률(PC),월평균클릭률(모바일),,
수의사구인,20,60,0.4,1.5,2.04%,2.28%,높음,10
동물병원PIMS,< 10,< 10,0,0,-,-,낮음,0
동물병원경영,< 10,< 10,0,0,-,-,낮음,0
동물병원채용,40,190,2,5.7,6.46%,4.07%,높음,3
수의사번아웃,< 10,< 10,0,0,-,-,낮음,0
수의사,"1,310","3,680",1.2,7.5,0.1%,0.22%,높음,9
응급구조사채용,830,"2,560",13.5,34,1.75%,1.43%,높음,9
수의사구인구직,< 10,< 10,0.3,0.5,8.34%,8.34%,높음,3
간호사채용,"1,960","6,120",91.3,381,4.97%,6.5%,높음,10
동물병원구인,40,350,1.7,18.2,4.15%,6.68%,높음,10
수의사채용,60,130,0.3,2.5,0.53%,1.88%,높음,10
수의사구직,< 10,< 10,0,0.8,-,10.72%,높음,3
보건관리자채용,"2,220","4,410",2.8,15.4,0.15%,0.43%,높음,10
간호사구인,410,"1,390",29.6,151.6,7.94%,11.3%,높음,10
애견미용사구인,30,270,1.4,16.3,4.25%,6.32%,높음,10
수의테크니션,600,"3,090",3.1,31,0.54%,1.05%,높음,10
수의테크니션구인,< 10,30,1.1,3.3,11.43%,10.84%,높음,7
애견미용구인구직,20,170,0.9,4.7,5.3%,4.35%,높음,10
애견미용사채용,10,30,0,0,-,-,높음,3
애견알바,< 10,60,0,0.8,-,1.98%,높음,10
동물병원알바,30,190,0.8,3.5,3.81%,2.97%,높음,10
동물병원구인구직,10,40,0.1,3.8,0.8%,9.87%,높음,7
애견미용구인,10,100,0.2,7,2%,9.86%,높음,10
애견미용구직,10,100,0.5,4,6.25%,5.27%,높음,10
애견잡,< 10,< 10,0,0,-,-,중간,1
동물관련구인구직,< 10,80,0.4,0.3,20%,5.56%,중간,5
간호사구직,110,490,6.6,35.8,5.74%,8.2%,높음,10
간호사구인구직,320,"1,040",20,128.2,7.3%,12.77%,높음,10
애견미용사구직,< 10,40,0.3,0.9,14.29%,2.98%,높음,7
애견구인구직,< 10,40,0.1,2,2.71%,5.13%,높음,9
동물구인구직,< 10,20,0,0.5,-,2.28%,높음,3
약사구인,110,290,8,36.3,7.28%,13.89%,높음,10
애견카페알바,30,240,0.2,5.9,1.07%,3.73%,높음,9
애견미용사구인구직,< 10,10,0.1,0,3.58%,-,높음,7
애견미용취업,40,280,0.2,0.3,0.5%,0.14%,높음,10
약사채용,110,280,6.4,22.3,6.6%,8.4%,높음,10
수의테크니션구인구직,< 10,< 10,0,1,-,12.5%,낮음,0
동물구인,< 10,10,0,0,-,-,높음,3
동물병원수의테크니션,50,110,0,1,-,1.14%,높음,10
동물취업,< 10,10,0,0.3,-,2.39%,높음,3
반려견산책도우미,< 10,< 10,0,0,-,-,낮음,0
반려동물강사,< 10,< 10,0,0,-,-,높음,7
반려동물영양사,10,10,0.2,0.3,1.25%,1.57%,높음,10
사육사채용,20,280,0,0,-,-,높음,3
수의사모집,< 10,< 10,0,0,-,-,높음,3
수의테크니션카페,< 10,20,0,0,-,-,낮음,0
애견일자리,< 10,10,0,0.3,-,1.62%,높음,7
경찰견훈련사,< 10,10,0,0,-,-,낮음,0
애견샵알바,< 10,50,0,1,-,2.95%,낮음,0
애견옷디자이너,< 10,< 10,0,0,-,-,낮음,0
도르스,< 10,20,0,0,-,-,중간,1
애견미용일자리,< 10,30,0,0,-,-,높음,7
도그워커,40,140,0.7,4.3,1.33%,3.08%,높음,10
반려견장례지도사,20,80,0.7,3.2,2.6%,4.45%,높음,10
동물병원아르바이트,< 10,< 10,0,0.6,-,28.58%,높음,3
사육사,370,"1,300",0.9,5.6,0.23%,0.44%,높음,10
애견미용사들의모임,< 10,< 10,0,0,-,-,중간,1
애견미용알바,10,100,0.1,3,1.79%,4.42%,높음,7
애견구직,< 10,< 10,0,0,-,-,높음,7
애견구인,< 10,30,0,0,-,-,높음,7
애견유치원구인,10,50,0,0.5,-,1.43%,높음,10
수의테크니션채용,10,50,0.8,4,5.41%,7.55%,중간,7
애견취업,< 10,20,0,0,-,-,높음,7
애견미용채용,20,50,0.1,0.5,0.8%,1%,높음,7
애견미용사,240,670,1,6.4,0.46%,0.99%,높음,10
동물관련취업,< 10,10,0,0,-,-,높음,3
동물병원간호사,160,760,0.3,1.8,0.24%,0.33%,높음,10
동물병원구직,20,40,0,0,-,-,높음,3
수의테크니션알바,< 10,30,0,0.3,-,0.76%,높음,3
수의간호사,30,130,0,1,-,0.86%,높음,10
동물간호사,20,160,0,1.3,-,0.91%,높음,10
동물병원취직,< 10,10,0.1,0.3,7.15%,2.57%,높음,7
애견미용사취업,10,60,0.1,0,0.63%,-,높음,9
동물병원취업,70,260,0,3.3,-,1.74%,높음,10
애견유치원취업,20,90,0.2,1.3,0.93%,1.63%,높음,10
애견미용견습생,< 10,20,0,0.6,-,5.41%,높음,7
동물병원보조,< 10,30,0.2,0.6,4.17%,2.86%,중간,6
동물병원직원,20,60,0,0,-,-,중간,1
동물원채용,10,120,0,0,-,-,높음,3
동물원채용공고,10,10,0,0,-,-,높음,3
반려동물채용,10,20,0,0,-,-,높음,3
반려묘관리사,10,70,0.6,0.8,5.72%,1.11%,높음,7
사육사채용공고,10,10,0,0,-,-,중간,1
애견미용사견습,< 10,10,0,0,-,-,낮음,0
애견유치원채용,10,80,0,0,-,-,높음,3
애견호텔취업,< 10,10,0,0,-,-,높음,7
펫채용,< 10,< 10,0,0,-,-,높음,3
훈련사채용,< 10,< 10,0,0,-,-,낮음,0
케이터링채용,< 10,< 10,0,0,-,-,높음,3
피부관리사,470,"1,700",2.4,16,0.55%,1.01%,높음,10
반려동물구인구직,10,30,0.3,0,4.09%,-,높음,7
병원취직,< 10,< 10,0,0.7,-,6.07%,낮음,0
병원행정사채용,< 10,20,0,0.3,-,1.41%,높음,3
병원행정사취업,20,20,0,0.3,-,1.73%,높음,3
간호사이직,90,380,0.7,2.5,0.74%,0.66%,높음,10
생명공학채용,< 10,10,0,0,-,-,높음,3
연구기획채용,30,30,0,0,-,-,높음,3
임상개발,10,< 10,0,0,-,-,중간,2
산후조리원구인,10,90,0,1,-,1.66%,높음,10
CPA채용,< 10,< 10,0,0,-,-,높음,3
CRA채용,100,140,0.3,0.3,0.58%,0.38%,높음,3
CRA취업,10,30,0,0,-,-,높음,3
CRM채용,140,300,0,0,-,-,높음,3
RA채용,50,140,0,0.3,-,0.23%,높음,3
간호사취업현황,< 10,< 10,0,0,-,-,높음,3
간호사해외취업,10,90,0,0,-,-,높음,7
건강검진센터채용,40,260,0,1.7,-,0.7%,높음,3
검진센터채용,40,120,0,0,-,-,높음,3
놀이치료사구인구직,20,40,0.3,1,1.06%,2.73%,높음,7
대학병원구인,< 10,< 10,0,0,-,-,높음,3
물리치료사채용공고,40,60,2.1,4.8,4.77%,6.02%,높음,7
바이오취업,50,100,0.3,0.3,0.56%,0.35%,중간,4
방사선사채용공고,40,90,1.7,3.3,3.43%,3.46%,높음,7
병원간호사채용,10,20,0,0,-,-,높음,3
병원직원채용,< 10,10,0,0,-,-,높음,7
병원행정채용,70,90,0,0,-,-,높음,3
산업간호사채용공고,40,80,0.9,0.5,2.34%,0.72%,높음,7
산업간호사취업,< 10,< 10,0,0,-,-,높음,3
산업위생관리기사구인,< 10,20,0,0,-,-,높음,3
산업위생관리기사채용,100,150,0,0,-,-,높음,3
산업위생기사채용,10,30,0,0,-,-,높음,3
신입간호사채용,< 10,20,0,0.7,-,3.18%,높음,7
안경사구직,10,30,0,0.3,-,1.05%,높음,3
안경사채용,20,110,0.4,1.5,1.74%,1.38%,높음,10
약무보조채용,50,330,6.6,10.7,13.2%,3.57%,중간,3
언어치료사구직,< 10,< 10,0,0,-,-,높음,7
언어치료사채용공고,< 10,< 10,0.3,0,16.67%,-,높음,3
원무행정채용,10,10,0.3,0,2.39%,-,높음,3
위생사취업,50,130,0.4,0,0.87%,-,높음,10
음악치료사취업,< 10,10,0,0,-,-,높음,3
응급구조사모집,20,10,0,0,-,-,높음,3
응급구조사채용공고,130,140,0.4,5.3,0.33%,4.2%,높음,7
응급실간호사채용,50,220,0,0,-,-,높음,10
전문간호사채용,10,< 10,0,0.3,-,3.34%,높음,3
정신병원취업,< 10,20,0,0,-,-,높음,3
청각사채용,140,180,1.7,1.3,1.14%,0.79%,높음,3
청능사채용,80,360,0.4,4,0.57%,1.2%,높음,7
혈액원채용,"1,650","2,960",1.1,1.8,0.16%,0.11%,높음,3
바이오채용,120,390,0,0.3,-,0.07%,높음,10
대학병원채용공고,70,110,0.4,1,0.7%,0.9%,높음,7
검안사채용,40,80,0.5,0.8,1.24%,0.96%,중간,8
놀이치료사채용,20,30,0.4,0.6,1.59%,2.2%,높음,7
의무실간호사채용,70,90,0,0,-,-,높음,3
CRC채용,100,320,2.2,7.9,2.42%,2.59%,중간,3
약국채용,20,150,0.9,6.5,4.74%,4.68%,높음,10
의료기사구인,10,20,0,0,-,-,높음,3
심리치료사구인,< 10,10,0.1,0,2.39%,-,높음,7
약국구직,< 10,20,0.3,2.3,9.53%,8.34%,높음,7
작업치료사공고,< 10,20,0,0,-,-,높음,3
피부관리사취업,20,120,0,0.3,-,0.21%,높음,10
물리치료사모집,< 10,20,0,0,-,-,높음,3
대학병원채용,490,740,0.3,0.8,0.09%,0.15%,높음,10
약사채용공고,10,40,1,1.9,8.34%,5.09%,높음,7
병원채용공고,110,170,1.9,3.6,2.29%,2.89%,높음,10
간호사취직,10,40,0.4,1.5,4.45%,5.36%,높음,10
의료기사채용,< 10,40,0,0.9,-,5.46%,높음,3
언어치료사채용,70,180,0.5,2.5,0.93%,1.4%,높음,10
언어치료사구인,50,140,0.8,2,1.57%,1.54%,높음,10
남자간호사취업,40,130,0,0.7,-,0.45%,높음,3
병원청소구인,10,40,0,2.8,-,7.59%,높음,7
성형외과취업,< 10,30,0,0,-,-,높음,7
음악치료사구인,30,120,2.1,3.5,6.25%,3.05%,중간,7
방사선사모집,< 10,30,0.1,0,3.58%,-,높음,7
간호사모집공고,20,90,0.6,2.5,4.35%,5.36%,높음,7
간호조무사채용정보,< 10,80,0.1,0.6,2.39%,0.69%,높음,7
임상심리사채용,210,500,1.5,2.7,0.74%,0.56%,높음,10
간호직채용,30,70,0,0.3,-,0.68%,높음,3
수술실간호사채용,30,200,0.3,2,0.87%,1.09%,높음,7
음악치료사채용,20,40,0.3,0.7,1.51%,1.76%,높음,7
전공의채용,< 10,10,0,0,-,-,높음,7
미술치료사구인,60,170,3,4,4.42%,2.14%,높음,10
약국일자리,< 10,30,0.6,4,14.29%,16.67%,높음,7
물리치료사구직사이트,< 10,< 10,0,0.3,-,5.27%,높음,7
위생사채용,20,60,0.4,0,2.15%,-,높음,7
약국직원구인,10,160,0,10.5,-,7.96%,높음,7
공항일자리,70,120,0,0.3,-,0.21%,높음,10
관광통역안내사채용,20,40,0,0,-,-,높음,3
러시아어채용,40,120,0.3,0.7,0.94%,0.69%,높음,3
반려동물장례지도사채용,10,40,0,0.9,-,2.71%,높음,7
산후도우미채용,< 10,10,0,0.3,-,1.64%,높음,7
서점구인,< 10,10,0,0.8,-,4.23%,높음,3
서점취업,< 10,30,0,0,-,-,높음,3
아쿠아리스트채용,20,40,0,4,-,12.13%,중간,1
애견훈련사취업,< 10,10,0,0,-,-,낮음,0
어린이집조리사채용,< 10,20,0,0,-,-,높음,3
영화관채용,10,30,0,1,-,3.23%,중간,2
장례식장취업,< 10,20,0,0,-,-,높음,3
장례지도사구인,10,110,0.7,1.5,3.89%,1.62%,높음,10
장례지도사구인구직,< 10,10,0,0,-,-,낮음,0
장례지도사구직,< 10,10,0.1,0,4.77%,-,높음,7
주유소구인구직,< 10,30,0,1,-,4.55%,높음,3
주유소구직,< 10,20,0,0,-,-,높음,7
주유소채용,10,80,0,1,-,2.14%,높음,3
주유소취업,< 10,20,0,0,-,-,높음,3
놀이치료사구인,20,50,0.4,0.3,1.59%,0.67%,높음,7
조무사채용,10,50,0,1.5,-,4.17%,높음,10
약국구인,10,90,1,6,7.7%,6.19%,높음,10
장례식장구인,10,30,0.5,0.6,7.9%,3.23%,중간,6
미술치료사채용,10,60,0,0,-,-,높음,10
약사모집,20,30,2,3.6,13.02%,11.97%,높음,10
검안사취업,< 10,10,0,0.8,-,6.13%,높음,3
임상심리사취업,30,110,0.1,0.6,0.36%,0.57%,중간,8
베이커리일자리,< 10,< 10,0,0.3,-,3.34%,높음,7
대학병원취업,20,50,0,0,-,-,높음,3
임상심리사구인,50,70,0.1,1.3,0.26%,1.9%,높음,7
환경미화원채용,720,"3,880",3.8,48.2,0.54%,1.3%,중간,5
서점채용,10,50,0,1,-,1.81%,높음,3
원무과채용,70,280,0.2,5,0.28%,1.83%,높음,10
기독교채용,20,40,0.8,0.8,4.17%,2.4%,높음,3
도서관사서채용,300,570,1.9,2.8,1.11%,0.69%,중간,6
구직사이트순위,670,770,5.6,6.3,1.23%,1.08%,높음,10
응급구조사구인,20,70,1,0.8,4.19%,1.65%,중간,8
떡집구인,< 10,30,0,0,-,-,높음,3
2차전지채용,< 10,20,0,0,-,-,높음,3
관세사구인,< 10,< 10,0,0,-,-,높음,3
보험구직사이트,< 10,< 10,0,0,-,-,높음,3
해외기업채용,< 10,10,0,0,-,-,높음,3
